{"cameraMode":{"drawMode":0,"name":"Shaded","section":"Shading Mode"},"sceneLighting":false,"audioPlay":false,"sceneViewState":{"showFog":true,"showMaterialUpdate":false,"showSkybox":false,"showFlares":true,"showImageEffects":true,"showParticleSystems":true},"in2DMode":false,"pivot":{"x":0.7500019073486328,"y":4.226328372955322,"z":0.0},"rotation":{"x":0.08416179567575455,"y":0.03467383608222008,"z":-0.0029066039714962246,"w":0.9958444237709045},"size":52.317657470703128,"orthographic":false}