{"cameraMode":{"drawMode":0,"name":"Shaded","section":"Shading Mode"},"sceneLighting":false,"audioPlay":false,"sceneViewState":{"showFog":true,"showMaterialUpdate":false,"showSkybox":false,"showFlares":true,"showImageEffects":true,"showParticleSystems":true},"in2DMode":false,"pivot":{"x":-0.2143549919128418,"y":4.182082176208496,"z":-0.20380717515945435},"rotation":{"x":0.05044789984822273,"y":0.7217277884483337,"z":0.052934810519218448,"w":-0.6883037686347961},"size":3.734534502029419,"orthographic":false}