{"cameraMode":{"drawMode":0,"name":"Shaded","section":"Shading Mode"},"sceneLighting":false,"audioPlay":false,"sceneViewState":{"showFog":true,"showMaterialUpdate":false,"showSkybox":false,"showFlares":true,"showImageEffects":true,"showParticleSystems":true},"in2DMode":false,"pivot":{"x":-5.0,"y":12.80000114440918,"z":-16.900001525878908},"rotation":{"x":0.08416179567575455,"y":0.03467383608222008,"z":-0.0029066039714962246,"w":0.9958444237709045},"size":43.718753814697269,"orthographic":false}