{"cameraMode":{"drawMode":0,"name":"Shaded","section":"Shading Mode"},"sceneLighting":false,"audioPlay":false,"sceneViewState":{"showFog":true,"showMaterialUpdate":false,"showSkybox":false,"showFlares":true,"showImageEffects":true,"showParticleSystems":true},"in2DMode":false,"pivot":{"x":-4.83650016784668,"y":10.171501159667969,"z":2.0865001678466799},"rotation":{"x":0.08416179567575455,"y":0.03467383608222008,"z":-0.0029066039714962246,"w":0.9958444237709045},"size":66.63877868652344,"orthographic":false}